{
 "replace": [
   {
     "before": "관리기념",
     "after": "관리기업"
   },
   {
     "before": "기념해",
     "after": "기념일"
   },
   {
     "before": "그리핀",
     "after": "브리핑"
   },
   {
     "before": "경영평가단",
     "after": "경영평가도"
   },
   {
     "before": "OFF",
     "after": "목표"
   },
   {
     "before": "종대수",
     "after": "총계수"
   },
   {
     "before": "씨는",
     "after": "쉬는"
   },
   {
     "before": "관리 기념",
     "after": "관리 기업"
   },
   {
     "before": "D링",
     "after": "데일리"
   },
   {
     "before": "the",
     "after": "데일리"
   },
   {
     "before": "개학",
     "after": "계약"
   },
   {
     "before": "증정",
     "after": "긍정"
   },
   {
     "before": "GAR",
     "after": "주의해야 할"
   },
   {
     "before": "계약정보",
     "after": "기업정보"
   },
   {
     "before": "do pay",
     "after": "회의"
   },
   {
     "before": "파주 they",
     "after": "회의"
   },
   {
     "before": "네 지점",
     "after": "내 지점"
   },
   {
     "before": "네 지정",
     "after": "내 지점"
   }
 ]
}
