{
  "site_url": "http://13.125.176.152:8200",
  "engine": "itl",
  "service": "ibkcrm",
  "reaskCount" : 3,
  "mainPage": "/webview/ibkCrm/v1/company/main",
  "available_service": true,
  "available_act": "안녕하세요.\n다큐브앱을 이용해주시는 여러분께 감사드리며, 더 나은 서비스를 제공하기 위해 시스템 점검을 진행하고 있습니다.",
  "program_ver": "1.0.0",
  "minimum_ver": "1.0.0",
  "update_act": "새로운 버전이 출시되었습니다.\n업데이트 후 이용해 주시기 바랍니다.",
  "appstore_url": "https://play.google.com/store/apps/details?id=com.daquv.hub",
  "register_pass": false,
  "notice_yn": false,
  "notice_act": {
    "c_act_url": "",
    "c_act": "안녕하세요.\n 고객센터입니다.\n공지사항 입니다.\n\n고객센터 : 1670-1211"
  },
  "intent_code": {
    "call" : "NNN014",
    "sms": "NNN014",
    "decision" : "NNN018",
    "turn": "NNN017",
    "map": "IB008"
  },
  "entity_code": {
    "call" : "NE-PERSON",
    "sms": "NE-MESSAGE"
  },
  "map_info": {
    "max_zoom" : 16,
    "min_zoom" : 10,
    "default_zoom": 12,
    "radius" : "1KM",
    "type": "전체",
    "scheme" : {
      "kakao": "kakaomap://route?ep=$latitude,$longitude&by=CAR",
      "naver": "nmap://route/car?dlat=$latitude&dlng=$longitude&dname=$title&appname=$package",
      "tmap": "tmap://route?goalname=$title&goalx=$longitude&goaly=$latitude"
    },
    "filter_radius": [
      "500M","150M","300M","1KM","2.5KM","5KM"
    ],
    "filter_type": [
      "전체","거래","미거래"
    ]
  },
  "service_resource": [
    {
      "name": "hub",
      "icon" : "img url",
      "ci" : "img url"
    },
    {
      "name": "posco",
      "icon" : "img url",
      "ci" : "img url"
    },
    {
      "name": "ibkcrm",
      "icon" : "img url",
      "ci" : "img url"
    },
    {
      "name": "webcash",
      "icon" : "img url",
      "ci" : "img url"
    }
  ],
  "inside_info": [
    {
      "client_id": "STgwMDI2ODg6MTY2NDQyOTE4MTQyNA==",
      "client_key": "Y2xpZW50X2tleToxNjY0NDI5MTgxNDI0",
      "client_secret": "Y2xpZW50X3NlY3JldDoxNjY0NDI5MTgxNDI0",
      "client_uid": "HUB",
      "server_ip": "inside-dev.gigagenie.ai",
      "server_port": "50109",
      "server_reset_port": "30109"
    },
    {
      "client_id": "STgwMDI5Mjc6MTY3ODc1MzU4NzgxMA==",
      "client_key": "Y2xpZW50X2tleToxNjc4NzUzNTg3ODEw",
      "client_secret": "Y2xpZW50X3NlY3JldDoxNjc4NzUzNTg3ODEw",
      "client_uid": "SALESFORCE",
      "server_ip": "inside-dev.gigagenie.ai",
      "server_port": "50109",
      "server_reset_port": "30109"
    },
    {
      "client_id": "STgwMDI5NzM6MTY4MTExMTg4MzQ5OQ==",
      "client_key": "Y2xpZW50X2tleToxNjgxMTExODgzNDk5",
      "client_secret": "Y2xpZW50X3NlY3JldDoxNjgxMTExODgzNDk5",
      "client_uid": "POSCO",
      "server_ip": "inside-dev.gigagenie.ai",
      "server_port": "50109",
      "server_reset_port": "30109"
    }
  ],
  "argm_list": [
    {
      "argm_nm": "[필수] 이용약관 동의",
      "argm_url": "https://daquv.com/news/contents?newsId=12"
    },
    {
      "argm_nm": "[필수] 개인정보 수집 및 이용 동의",
      "argm_url": "https://daquv.com/news/contents?newsId=11"
    }
  ],
  "policy_list": [
    {
      "argm_nm": "[필수] 본인확인서비스 이용약관",
      "argm_url": "https://daquv.com/news/contents?newsId=12"
    },
    {
      "argm_nm": "[필수] 고유식별정보처리 동의",
      "argm_url": "https://daquv.com/news/contents?newsId=11"
    }
  ],
  "local_cache": [
    {
      "file_name":"swiper-bundle.min.css",
      "file_url":"https://unpkg.com/swiper/swiper-bundle.min.css"
    },
    {
      "file_name":"import.css",
      "file_url":"/assets/hub/css/import.css"
    },
    {
      "file_name":"jquery-3.6.0.min.js",
      "file_url":"/assets/hub/js/jquery-3.6.0.min.js"
    },
    {
      "file_name":"common.js",
      "file_url":"/assets/hub/js/common.js"
    },
    {
      "file_name":"crmComm.js",
      "file_url":"/assets/hub/js/crmComm.js"
    },
    {
      "file_name":"reset.min.css",
      "file_url":"/assets/hub/css/reset.min.css"
    },
    {
      "file_name":"common.min.css",
      "file_url":"/assets/hub/css/common.min.css"
    },
    {
      "file_name":"app.min.css",
      "file_url":"/assets/hub/css/app.min.css"
    },
    {
      "file_name":"notosanskr.css",
      "file_url":"http://fonts.googleapis.com/earlyaccess/notosanskr.css"
    },
    {
      "file_name":"img_mic.png",
      "file_url":"/assets/hub/img/common/img_mic.png"
    },
    {
      "file_name":"btn_home.png",
      "file_url":"/assets/hub/img/common/btn_home.png"
    },
    {
      "file_name":"btn_tooltip.png",
      "file_url":"/assets/hub/img/common/btn_tooltip.png"
    },
    {
      "file_name":"img_sign_up.png",
      "file_url":"/assets/hub/img/common/img_sign_up.png"
    },
    {
      "file_name":"img_sign_down.png",
      "file_url":"/assets/hub/img/common/img_sign_down.png"
    },
    {
      "file_name":"SUIT-Regular.woff",
      "file_url":"https://cdn.jsdelivr.net/gh/projectnoonnu/noonfonts_suit@1.0/SUIT-Regular.woff2"
    },
    {
      "file_name":"favicon.ico",
      "file_url":"http://13.125.176.152:8200/favicon.ico"
    },
    {
      "file_name":"swiper-bundle.min.js",
      "file_url":"https://unpkg.com/swiper/swiper-bundle.min.js"
    },
    {
      "file_name":"load.css",
      "file_url":"/assets/js/_jquery-3.6.0.min.js"
    },
    {
      "file_name":"swiper.css",
      "file_url":"/assets/hubapp/css/swiper.css"
    },
    {
      "file_name":"reset.css",
      "file_url":"/assets/hubapp/css/reset.css"
    },
    {
      "file_name":"contents.css",
      "file_url":"/assets/hubapp/css/contents.css"
    },
    {
      "file_name":"swiper.js",
      "file_url":"/assets/hubapp/library/swiper.js"
    },
    {
      "file_name":"test.js",
      "file_url":"/assets/hubapp/js/test.js"
    },
    {
      "file_name":"bodyScrollLock.min.js",
      "file_url":"https://cdnjs.cloudflare.com/ajax/libs/body-scroll-lock/3.1.5/bodyScrollLock.min.js"
    },
    {
      "file_name":"NotoSansKR-Regular.woff2",
      "file_url":"/assets/hubapp/fonts/NotoSansKR-Regular.woff2"
    },
    {
      "file_name":"NotoSansKR-Medium.woff2",
      "file_url":"/assets/hubapp/fonts/NotoSansKR-Medium.woff2"
    },
    {
      "file_name":"NotoSansKR-Bold.woff2",
      "file_url":"/assets/hubapp/fonts/NotoSansKR-Bold.woff2"
    },
    {
      "file_name":"project-status.js",
      "file_url":"/assets/hubapp/js/project-status.js"
    }
  ]
}
