{
  "intent_code": {
    "call" : "NNN014",
    "sms": "NNN014",
    "decision" : "NNN018",
    "turn": "NNN017",
    "map": "IB008"
  },
  "entity_code": {
    "call" : "NE-PERSON",
    "sms": "NE-MESSAGE"
  },
  "map_info": {
    "max_zoom" : 16,
    "min_zoom" : 10,
    "default_zoom": 12,
    "navi" : "티맵",
    "multi_navi": "네이버 지도",
    "filter": [
      {
        "category": "radius",
        "type": "select",
        "search" : "N",
        "name": "거리",
        "value": [
          "5KM","150M","300M","1KM","2.5KM"
        ]
      },
      {
        "category": "trade",
        "type": "select",
        "search" : "N",
        "name": "거래/매거래",
        "value": [
          "전체","거래","미거래"
        ]
      },
      {
        "category": "industry",
        "type": "select",
        "search" : "N",
        "name": "산업분류",
        "value": [
          "유통","IT","철강","제조"
        ]
      },
      {
        "category": "info",
        "type": "switch",
        "search" : "N",
        "name": "기업상세정보 보유",
        "value": [
          "Y","N"
        ]
      },
      {
        "category": "positive",
        "type": "switch",
        "search" : "N",
        "name": "긍정 이벤트 보유",
        "value": [
          "Y","N"
        ]
      },
      {
        "category": "negative",
        "type": "switch",
        "search" : "N",
        "name": "부정 이벤트 보유",
        "value": [
          "N","Y"
        ]
      },
      {
        "category": "etc",
        "type": "multi",
        "search" : "Y",
        "name": "기타",
        "value": [
          "가나기업","다라기업","마바기업","사아기업","자차기업","카타기업","파하기업"
        ]
      }
    ]
  },
  "local_cache": [
    "http://13.125.176.152:8200/assets/admin/headersettingfile/swiper-bundle.min.css",
    "http://13.125.176.152:8200/assets/hub/css/import.css",
    "http://13.125.176.152:8200/assets/hub/js/jquery-3.6.0.min.js",
    "http://13.125.176.152:8200/assets/admin/headersettingfile/swiper-bundle.min.js",
    "http://13.125.176.152:8200/assets/hub/js/crmComm.js",
    "http://13.125.176.152:8200/assets/hub/js/common.js",
    "http://13.125.176.152:8200/assets/hub/css/reset.min.css",
    "http://13.125.176.152:8200/assets/hub/css/common.min.css",
    "http://13.125.176.152:8200/assets/hub/css/app.min.css",
    "http://fonts.googleapis.com/earlyaccess/notosanskr.css",
    "http://13.125.176.152:8200/assets/hub/img/common/img_mic.png",
    "http://13.125.176.152:8200/assets/hub/img/common/btn_home.png",
    "http://13.125.176.152:8200/assets/hub/img/common/btn_tooltip.png",
    "http://13.125.176.152:8200/assets/hub/img/common/img_sign_up.png",
    "http://13.125.176.152:8200/assets/hub/img/common/img_sign_down.png",
    "https://cdn.jsdelivr.net/gh/projectnoonnu/noonfonts_suit@1.0/SUIT-Regular.woff2",
    "http://13.125.176.152:8200/favicon.ico"
  ]
}
