{
 "replace": [
   {
     "before": "관리기념",
     "after": "관리기업"
   },
   {
     "before": "기념해",
     "after": "기념일"
   },
   {
     "before": "그리핀",
     "after": "브리핑"
   },
   {
     "before": "경영평가단",
     "after": "경영평가도"
   },
   {
     "before": "news",
     "after": "뉴스"
   },
   {
     "before": "OFF",
     "after": "목표"
   },
   {
     "before": "종대수",
     "after": "총계수"
   },
   {
     "before": "씨는",
     "after": "쉬는"
   },
   {
     "before": "관리 기념",
     "after": "관리 기업"
   },
   {
     "before": "D링",
     "after": "데일리"
   },
   {
     "before": "the",
     "after": "데일리"
   },
   {
     "before": "개학",
     "after": "계약"
   },
   {
     "before": "증정",
     "after": "긍정"
   },
   {
     "before": "GAR",
     "after": "주의해야 할"
   },
   {
     "before": "계약정보",
     "after": "기업정보"
   },
   {
     "before": "do pay",
     "after": "회의"
   },
   {
     "before": "파주 they",
     "after": "회의"
   },
   {
     "before": "네 지점",
     "after": "내 지점"
   },
   {
     "before": "네 지정",
     "after": "내 지점"
   },
   {
     "before": "기강산업",
     "after": "기광산업"
   },
   {
     "before": "통영",
     "after": "경영"
   },
   {
     "before": "단차",
     "after": "연차"
   },
   {
     "before": "기억",
     "after": "기업"
   },
   {
     "before": "개혁",
     "after": "계약"
   },
   {
     "before": "경보현한테",
     "after": "경보현황"
   },
   {
     "before": "경보현",
     "after": "경보현황"
   },
   {
     "before": "지정",
     "after": "지점"
   },
   {
     "before": "거래하거나",
     "after": "거래현"
   },
   {
     "before": "B 등록",
     "after": "회의 등록"
   },
   {
     "before": "dripping",
     "after": "브리핑"
   },
   {
     "before": "51",
     "after": "쉬는"
   },
   {
     "before": "그런데요",
     "after": "근태현황"
   },
   {
     "before": "근데",
     "after": "근태"
   },
   {
     "before": "불일치",
     "after": "브리핑"
   },
   {
     "before": "A등록",
     "after": "회의등록"
   },
   {
     "before": "근 태어나",
     "after": "근태현황"
   },
   {
     "before": "신입직원",
     "after": "쉬는 직원"
   },
   {
     "before": "대기업",
     "after": "관리기업"
   },
   {
     "before": "동부현황",
     "after": "조기경보현황"
   },
   {
     "before": "직업",
     "after": "직원"
   },
   {
     "before": "예정",
     "after": "일정"
   }
 ]
}
